"exp_id","cmap_score","p","q","subset_comparison_id","analysis_id","name","concentration","duration","cell_line","array_platform","vehicle","vendor","vendor_catalog_id","vendor_catalog_name","drug_concept_id","cas_number","DrugBank.ID","valid"
3279,-0.769272945196746,0,0,"pe_endo","cmap","fenoprofen",7.2e-06,6,"PC3","HT_HG-U133A","DMSO","Prestwick Chemical","754","Fenoprofen calcium salt dihydrate [53746-45-5]","C0015837","53746-45-5","DB00573",1
3796,-0.699176531304259,0,0,"pe_endo","cmap","procyclidine",1.24e-05,6,"MCF7","HT_HG-U133A","DMSO","Prestwick Chemical","844","Procyclidine hydrochloride [1508-76-5]","C0033254","1508-76-5","DB00387",1
6039,-0.696120319835129,0,0,"pe_endo","cmap","irinotecan",1e-04,6,"MCF7","HT_HG-U133A","DMSO","Sigma-Aldrich","I1406","irinotecan HCl","C0594375","NULL","DB00762",1
3225,-0.692773647791484,0,0,"pe_endo","cmap","scopolamine",1.18e-05,6,"PC3","HT_HG-U133A","DMSO","Prestwick Chemical","877","Scopolamine hydrochloride [55-16-3]","C0036442","55-16-3","DB00747",1
3267,-0.66159452049584,0,0,"pe_endo","cmap","zuclopenthixol",9.2e-06,6,"PC3","HT_HG-U133A","DMSO","Prestwick Chemical","998","Zuclopenthixol hydrochloride [633-59-0]","C0350505","633-59-0","DB01624",1
3277,-0.650971746225633,0,0,"pe_endo","cmap","flumetasone",9.8e-06,6,"PC3","HT_HG-U133A","DMSO","Prestwick Chemical","734","Flumethasone [2135-17-3]","NULL","2135-17-3","DB00663",1
3269,-0.634175171931481,0,0,"pe_endo","cmap","primaquine",8.8e-06,6,"PC3","HT_HG-U133A","DMSO","Prestwick Chemical","476","Primaquine diphosphate [63-45-6]","C0033126","63-45-6","DB01087",1
3311,-0.61465855538223,0,0,"pe_endo","cmap","promazine",1.24e-05,6,"PC3","HT_HG-U133A","DMSO","Prestwick Chemical","693","Promazine hydrochloride [53-60-1]","C0546875","53-60-1","DB00420",1
3275,-0.609014024664079,0,0,"pe_endo","cmap","levonorgestrel",1.28e-05,6,"PC3","HT_HG-U133A","DMSO","Prestwick Chemical","773","Norgestrel-(-)-D [797-63-7]","C0023566","797-63-7","DB00367",1
3306,-0.601656986808681,0,0,"pe_endo","cmap","flunisolide",9.2e-06,6,"PC3","HT_HG-U133A","DMSO","Prestwick Chemical","643","Flunisolide [3385-03-3]","C0060501","3385-03-3","DB00180",1
3127,-0.5927704924906,0,0,"pe_endo","cmap","ginkgolide A",9.8e-06,6,"MCF7","HT_HG-U133A","DMSO","Prestwick Chemical","444","Ginkgolide A [15291-75-5]","NULL","15291-75-5","DB06743",1
1159,-0.589148488027362,0,0,"pe_endo","cmap","metolazone",1.1e-05,6,"PC3","HG-U133A","DMSO","Prestwick Chemical","112","Metolazone [17560-51-9]","C0025854","17560-51-9","DB00524",1
4569,-0.585834665691549,0,0,"pe_endo","cmap","isoconazole",9.6e-06,6,"PC3","HT_HG-U133A","DMSO","Prestwick Chemical","127","Isoconazole [27523-40-6]","C0700489","27523-40-6","DB08943",1
1005,-0.585206090854512,0,0,"pe_endo","cmap","ipratropium bromide",9.8e-06,6,"HL60","HG-U133A","DMSO","Prestwick Chemical","575","Ipratropium bromide [22254-24-6]","C0700580","22254-24-6","DB00332",1
2136,-0.58172380570781,0,0,"pe_endo","cmap","iopanoic acid",7e-06,6,"HL60","HT_HG-U133A","DMSO","Prestwick Chemical","1052","Iopanoic acid [96-83-3]","C0022028","96-83-3","DB08946",1
3966,-0.570194638841235,0,0,"pe_endo","cmap","sulfadiazine",1.6e-05,6,"PC3","HT_HG-U133A","DMSO","Prestwick Chemical","23","Sulfadiazine [68-35-9]","C0723509","68-35-9","DB00359",1
3276,-0.569267282944475,0,0,"pe_endo","cmap","cloperastine",1.1e-05,6,"PC3","HT_HG-U133A","DMSO","Prestwick Chemical","793","Cloperastine hydrochloride [14984-68-0]","MMS_608","14984-68-0","DB09002",1
2694,-0.567117139896964,0,0,"pe_endo","cmap","cycloserine",3.92e-05,6,"MCF7","HT_HG-U133A","DMSO","Prestwick Chemical","1086","D-cycloserine [68-41-7]","C0010590","68-41-7","DB00260",1
5117,-0.563081164280092,0,0,"pe_endo","cmap","adipiodone",3.6e-06,6,"MCF7","HT_HG-U133A","DMSO","Prestwick Chemical","939","Iodipamide [606-17-7]","NULL","606-17-7","DB04711",1
3807,-0.554942757222938,0,0,"pe_endo","cmap","simvastatin",9.6e-06,6,"MCF7","HT_HG-U133A","DMSO","Prestwick Chemical","865","Simvastatin [79902-63-9]","C0074554","79902-63-9","DB00641",1
3272,-0.554315046851896,0,0,"pe_endo","cmap","medrysone",1.16e-05,6,"PC3","HT_HG-U133A","DMSO","Prestwick Chemical","743","Medrysone [2668-66-8]","C0065865","2668-66-8","DB00253",1
3725,-0.54915094311079,0,0,"pe_endo","cmap","fenbufen",1.58e-05,6,"MCF7","HT_HG-U133A","DMSO","Prestwick Chemical","218","Fenbufen [36330-85-5]","C0060156","36330-85-5","DB08981",1
5387,-0.54757966810557,0,0,"pe_endo","cmap","nocodazole",1.32e-05,6,"MCF7","HT_HG-U133A","DMSO","Prestwick Chemical","100","Nocodazole [31430-18-9]","NULL","31430-18-9","DB08313",1
2758,-0.545874400871036,0,0,"pe_endo","cmap","sulfamethoxazole",1.58e-05,6,"PC3","HT_HG-U133A","DMSO","Prestwick Chemical","177","Sulfamethoxazole [723-46-6]","MMS_115","723-46-6","DB01015",1
3525,-0.542873947458621,0,0,"pe_endo","cmap","camptothecin",1.14e-05,6,"PC3","HT_HG-U133A","DMSO","Prestwick Chemical","200","Camptothecine (S,+) [7689-03-4]","NULL","7689-03-4","DB04690",1
3646,-0.539545969492131,0,0,"pe_endo","cmap","menadione",2.32e-05,6,"PC3","HT_HG-U133A","DMSO","Prestwick Chemical","459","Menadione [58-27-5]","C0025270","58-27-5","DB00170",1
3273,-0.53847586864785,0,0,"pe_endo","cmap","demeclocycline",8e-06,6,"PC3","HT_HG-U133A","DMSO","Prestwick Chemical","753","Demeclocycline hydrochloride [64-73-3]","C0011276","64-73-3","DB00618",1
4910,-0.538054333416754,0,0,"pe_endo","cmap","saquinavir",5.2e-06,6,"MCF7","HT_HG-U133A","DMSO","Prestwick Chemical","1114","Saquinavir mesylate [149845-06-7]","C0286737","149845-06-7","DB01232",1
3752,-0.527411568370399,0,0,"pe_endo","cmap","galantamine",1.08e-05,6,"MCF7","HT_HG-U133A","DMSO","Prestwick Chemical","588","Galanthamine hydrobromide [1953-04-4]","C0949312","1953-04-4","DB00674",1
2089,-0.525581818032501,0,0,"pe_endo","cmap","sotalol",1.3e-05,6,"HL60","HT_HG-U133A","DMSO","Prestwick Chemical","966","Sotalol hydrochloride [959-24-0]","C0037707","959-24-0","DB00489",1
5130,-0.525167630762368,0,0,"pe_endo","cmap","remoxipride",9.8e-06,6,"MCF7","HT_HG-U133A","DMSO","Prestwick Chemical","971","Remoxipride Hydrochloride [73220-03-8]","C0771022","73220-03-8","DB00409",1
4136,-0.524827031160109,0,0,"pe_endo","cmap","hesperetin",1.32e-05,6,"MCF7","HT_HG-U133A","DMSO","Prestwick Chemical","124","Hesperetin [520-33-2]","APRD00117","520-33-2","DB01094",1
519,-0.522722704810364,0,0,"pe_endo","cmap","trifluoperazine",1e-05,6,"PC3","HT_HG-U133A","DMSO","Sigma-Aldrich","T6062","trifluoperazine dihydrochloride","C0304381","NULL","DB00831",1
3597,-0.512888323528128,0,0,"pe_endo","cmap","bepridil",1e-05,6,"PC3","HT_HG-U133A","DMSO","Prestwick Chemical","368","Bepridil hydrochloride [74764-40-2]","C0005116","74764-40-2","DB01244",1
3474,-0.511475894149597,0,0,"pe_endo","cmap","sertaconazole",8e-06,6,"PC3","HT_HG-U133A","DMSO","Prestwick Chemical","1045","Sertaconazole nitrate [99592-39-9]","C0074391","99592-39-9","DB01153",1
4098,-0.509646684102946,0,0,"pe_endo","cmap","monobenzone",2e-05,6,"MCF7","HT_HG-U133A","DMSO","Prestwick Chemical","912","Monobenzone [103-16-2]","C0050962","103-16-2","DB00600",1
4826,-0.507550786296658,0,0,"pe_endo","cmap","mesalazine",2.62e-05,6,"HL60","HT_HG-U133A","DMSO","Prestwick Chemical","1069","Mesalamine [89-57-6]","NULL","89-57-6","DB00244",1
6052,-0.505761341685804,0,0,"pe_endo","cmap","daunorubicin",1e-06,6,"PC3","HT_HG-U133A","DMSO","Sigma-Aldrich","D8809","daunorubicin HCl","C0724567","NULL","DB00694",1
4828,-0.505648312756881,0,0,"pe_endo","cmap","acetylsalicylic acid",1e-04,6,"HL60","HT_HG-U133A","DMSO","Sigma-Aldrich","A2093","aspirin, USP","EXPT00475","NULL","DB00945",1
1904,-0.502540881677513,0,0,"pe_endo","cmap","methazolamide",1.7e-05,6,"HL60","HT_HG-U133A","DMSO","Prestwick Chemical","802","Methazolamide [554-57-4]","C0025631","554-57-4","DB00703",1
1292,-0.501323821613984,0,0,"pe_endo","cmap","canrenoic acid",1e-05,6,"PC3","HT_HG-U133A","DMSO","Prestwick Chemical","148","Canrenoic acid potassium salt [2181-04-6]","C0282085","2181-04-6","DB09015",1
4837,-0.49997449825313,0,0,"pe_endo","cmap","valproic acid",2e-04,6,"HL60","HT_HG-U133A","DMSO","Sigma-Aldrich","P4543","2-propylpentanoic acid","NULL","NULL","DB00313",1
1175,-0.499949428739258,0,0,"pe_endo","cmap","diltiazem",8.8e-06,6,"PC3","HG-U133A","DMSO","Prestwick Chemical","134","Diltiazem hydrochloride [33286-22-5]","C0700579","33286-22-5","DB00343",1
2032,-0.498206016942669,0,0,"pe_endo","cmap","piracetam",2.82e-05,6,"MCF7","HT_HG-U133A","DMSO","Prestwick Chemical","537","Piracetam [7491-74-9]","C0031977","7491-74-9","DB09210",1
2116,-0.497914043552661,0,0,"pe_endo","cmap","pivampicillin",8.6e-06,6,"HL60","HT_HG-U133A","DMSO","Prestwick Chemical","1009","Pivampicillin [33817-20-8]","C0085884","33817-20-8","DB01604",1
3977,-0.496064086322116,0,0,"pe_endo","cmap","mefenamic acid",1.66e-05,6,"PC3","HT_HG-U133A","DMSO","Prestwick Chemical","54","Mefenamic acid [61-68-7]","C0025152","61-68-7","DB00784",1
2385,-0.494232174819229,0,0,"pe_endo","cmap","methyldopa",1.9e-05,6,"MCF7","HT_HG-U133A","DMSO","Prestwick Chemical","326","Methyldopa (L,-) [555-30-6]","C0304527","555-30-6","DB00968",1
4140,-0.493666705999869,0,0,"pe_endo","cmap","mitoxantrone",7.8e-06,6,"MCF7","HT_HG-U133A","DMSO","Prestwick Chemical","385","Mitoxantrone dihydrochloride [70476-82-3]","C0700458","70476-82-3","DB01204",1
1150,-0.490840334427315,0,0,"pe_endo","cmap","apomorphine",6.4e-06,6,"PC3","HG-U133A","DMSO","Prestwick Chemical","101","Apomorphine hydrochloride hemihydrate [41372-20-7]","C0237406","41372-20-7","DB00714",1
3168,-0.49032489657745,0,0,"pe_endo","cmap","tobramycin",8.6e-06,6,"MCF7","HT_HG-U133A","DMSO","Prestwick Chemical","544","Tobramycin [32986-56-4]","C0027519","32986-56-4","DB00684",1
4253,-0.488225000615932,0,0,"pe_endo","cmap","diethylcarbamazine",1.02e-05,6,"MCF7","HT_HG-U133A","DMSO","Prestwick Chemical","284","Diethylcarbamazine citrate [1642-54-2]","C0012191","1642-54-2","DB00711",1
4907,-0.487943292759622,0,0,"pe_endo","cmap","tretinoin",1.34e-05,6,"MCF7","HT_HG-U133A","DMSO","Prestwick Chemical","257","Retinoic acid [302-79-4]","C0040845","302-79-4","DB00755",1
998,-0.487528241023493,0,0,"pe_endo","cmap","dacarbazine",2.2e-05,6,"HL60","HG-U133A","DMSO","Prestwick Chemical","574","Dacarbazine [4342-03-4]","C0010927","4342-03-4","DB00851",1
5616,-0.484747470032206,0,0,"pe_endo","cmap","alsterpaullone",1e-05,6,"MCF7","HT_HG-U133A","DMSO","Calbiochem","126870","Alsterpaullone","EXPT00590","NULL","DB04014",1
1573,-0.484091340341559,0,0,"pe_endo","cmap","tropicamide",1.4e-05,6,"HL60","HT_HG-U133A","DMSO","Prestwick Chemical","228","Tropicamide [1508-75-4]","C0041190","1508-75-4","DB00809",1
343,-0.48378780471886,0,0,"pe_endo","cmap","resveratrol",1e-05,6,"MCF7","HT_HG-U133A_EA","DMSO","Sigma-Aldrich","R 5010","resveratrol","EXPT02968","NULL","DB02709",1
1691,-0.483610265015018,0,0,"pe_endo","cmap","propylthiouracil",2.34e-05,6,"HL60","HT_HG-U133A","DMSO","Prestwick Chemical","494","Propylthiouracil [51-52-5]","C0033511","51-52-5","DB00550",1
4732,-0.483387124729909,0,0,"pe_endo","cmap","ethotoin",1.96e-05,6,"MCF7","HT_HG-U133A","DMSO","Prestwick Chemical","696","Ethotoin [86-35-1]","C0015046","86-35-1","DB00754",1
4819,-0.476570810354747,0,0,"pe_endo","cmap","benzylpenicillin",1.12e-05,6,"HL60","HT_HG-U133A","DMSO","Prestwick Chemical","1078","Benzylpenicillin sodium [69-57-8]","NULL","69-57-8","DB01053",1
2499,-0.475896526878193,0,0,"pe_endo","cmap","azacitidine",1.64e-05,6,"MCF7","HT_HG-U133A","DMSO","Prestwick Chemical","866","Azacytidine-5 [320-67-2]","C0004475","320-67-2","DB00928",1
1151,-0.47511440126869,0,0,"pe_endo","cmap","naloxone",1.1e-05,6,"PC3","HG-U133A","DMSO","Prestwick Chemical","111","Naloxone hydrochloride [357-08-4]","C0700549","357-08-4","DB01183",1
1115,-0.474892557682574,0,0,"pe_endo","cmap","minaprine",1.08e-05,6,"PC3","HG-U133A","DMSO","Prestwick Chemical","66","Minaprine dihydrochloride [25953-17-7]","C0771667","25953-17-7","DB00805",1
2361,-0.473252233455958,0,0,"pe_endo","cmap","chlorpropamide",1.44e-05,6,"MCF7","HT_HG-U133A","DMSO","Prestwick Chemical","323","Chlorpropamide [94-20-2]","C0008287","94-20-2","DB00672",1
356,-0.471632332238487,0,0,"pe_endo","cmap","pyrvinium",1.25e-06,6,"MCF7","HT_HG-U133A_EA","DMSO","MP Biomedicals","2156475","pyrvinium pamoate","C0072804","NULL","DB06816",1
4487,-0.471431451952764,0,0,"pe_endo","cmap","fluorometholone",1.06e-05,6,"PC3","HT_HG-U133A","DMSO","Prestwick Chemical","718","Fluorometholone [426-13-1]","C0016351","426-13-1","DB00324",1
957,-0.470902939054715,0,0,"pe_endo","cmap","gliclazide",1.24e-05,6,"HL60","HG-U133A","DMSO","Prestwick Chemical","558","Gliclazide [21187-98-4]","C0017631","21187-98-4","DB01120",1
1322,-0.470840157211786,0,0,"pe_endo","cmap","thalidomide",1.54e-05,6,"PC3","HT_HG-U133A","DMSO","Prestwick Chemical","192","Thalidomide [50-35-1]","C0039736","50-35-1","DB01041",1
2196,-0.469642115400159,0,0,"pe_endo","cmap","latamoxef",7e-06,6,"HL60","HT_HG-U133A","DMSO","Prestwick Chemical","819","Moxalactam disodium salt [64953-12-4]","NULL","64953-12-4","DB04570",1
3960,-0.469611751032064,0,0,"pe_endo","cmap","rimexolone",1.08e-05,6,"PC3","HT_HG-U133A","DMSO","Prestwick Chemical","1020","Rimexolone [49697-38-3]","C0140594","49697-38-3","DB00896",1
4080,-0.4691253808513,0,0,"pe_endo","cmap","felodipine",1.04e-05,6,"MCF7","HT_HG-U133A","DMSO","Prestwick Chemical","478","Felodipine [72509-76-3]","C0015772","72509-76-3","DB01023",1
1525,-0.468713678920904,0,0,"pe_endo","cmap","metaraminol",8.6e-06,6,"MCF7","HT_HG-U133A","DMSO","Prestwick Chemical","197","Metaraminol bitartrate [33402-03-8]","C0025575","33402-03-8","DB00610",1
364,-0.46792398923394,0,0,"pe_endo","cmap","sirolimus",1e-07,6,"MCF7","HT_HG-U133A_EA","DMSO","Sigma-Aldrich","R0395","Rapamycin","C0072980","NULL","DB00877",1
756,-0.46491683621006,0,0,"pe_endo","cmap","dipyridamole",8e-06,6,"MCF7","HT_HG-U133A","DMSO","Prestwick Chemical","142","Dipyridamole [58-32-2]","C0012582","58-32-2","DB00975",1
4716,-0.462697103649905,0,0,"pe_endo","cmap","sulfamerazine",1.52e-05,6,"MCF7","HT_HG-U133A","DMSO","Prestwick Chemical","694","Sulfamerazine [127-79-7]","C0038684","127-79-7","DB01581",1
3728,-0.46180000406299,0,0,"pe_endo","cmap","hydralazine",2.04e-05,6,"MCF7","HT_HG-U133A","DMSO","Prestwick Chemical","169","Hydralazine hydrochloride [304-20-1]","C0020223","304-20-1","DB01275",1
3912,-0.457839453104233,0,0,"pe_endo","cmap","ifenprodil",8.4e-06,6,"PC3","HT_HG-U133A","DMSO","Prestwick Chemical","311","Ifenprodil tartrate [23210-58-4]","C0063340","23210-58-4","DB08954",1
4926,-0.457196506520019,0,0,"pe_endo","cmap","azlocillin",8.2e-06,6,"MCF7","HT_HG-U133A","DMSO","Prestwick Chemical","821","Azlocillin sodium salt [37091-65-9]","C0701436","37091-65-9","DB01061",1
3478,-0.45510276987872,0,0,"pe_endo","cmap","zomepirac",1.28e-05,6,"PC3","HT_HG-U133A","DMSO","Prestwick Chemical","779","Zomepirac sodium salt [64092-48-4]","C0149477","64092-48-4","DB04828",1
789,-0.455037826870802,0,0,"pe_endo","cmap","labetalol",1.1e-05,6,"HL60","HG-U133A","DMSO","Prestwick Chemical","277","Labetalol hydrochloride [32780-64-6]","C0699440","32780-64-6","DB00598",1
5980,-0.454253972329308,0,0,"pe_endo","cmap","disopyramide",1.18e-05,6,"MCF7","HT_HG-U133A","DMSO","Prestwick Chemical","266","Disopyramide [3737-09-5]","C0012702","3737-09-5","DB00280",1
1795,-0.45351193633035,0,0,"pe_endo","cmap","amoxicillin",1.1e-05,6,"MCF7","HT_HG-U133A","DMSO","Prestwick Chemical","357","Amoxicillin [26787-78-0]","MMS_106","26787-78-0","DB01060",1
2124,-0.453051067896456,0,0,"pe_endo","cmap","lymecycline",6.6e-06,6,"HL60","HT_HG-U133A","DMSO","Prestwick Chemical","1000","Lymecycline [992-21-2]","C0024200","992-21-2","DB00256",1
1069,-0.453020487411862,0,0,"pe_endo","cmap","8-azaguanine",2.62e-05,6,"HL60","HT_HG-U133A","DMSO","Prestwick Chemical","1","Azaguanine-8 [134-58-7]","EXPT00603","134-58-7","DB01667",1
1074,-0.451277399790021,0,0,"pe_endo","cmap","procaine",1.46e-05,6,"HL60","HT_HG-U133A","DMSO","Prestwick Chemical","41","Procaine hydrochloride [51-05-8]","C0033218","51-05-8","DB00721",1
3990,-0.451022706496073,0,0,"pe_endo","cmap","fulvestrant",1e-06,6,"MCF7","HT_HG-U133A","DMSO","Tocris","1047","ICI 182,780","C0935916","NULL","DB00947",1
676,-0.450115665550209,0,0,"pe_endo","cmap","pargyline",2.04e-05,6,"HL60","HG-U133A","DMSO","Prestwick Chemical","183","Pargyline hydrochloride [306-07-0]","C0282289","306-07-0","DB01626",1
3908,-0.450059907493494,0,0,"pe_endo","cmap","ouabain",5.4e-06,6,"MCF7","HT_HG-U133A","DMSO","Prestwick Chemical","471","Strophantine octahydrate [11018-89-6]","C0029904","11018-89-6","DB01092",1
591,-0.449035947521727,0,0,"pe_endo","cmap","cyanocobalamin",3e-06,6,"HL60","HT_HG-U133A","DMSO","Prestwick Chemical","433","Cyanocobalamin [68-19-9]","MMS_635","68-19-9","DB00115",1
5917,-0.448990563056959,0,0,"pe_endo","cmap","pentolonium",7.4e-06,6,"PC3","HT_HG-U133A","DMSO","Prestwick Chemical","188","Pentolinium bitartrate [52-62-0]","NULL","52-62-0","DB01090",1
1003,-0.448699994424194,0,0,"pe_endo","cmap","riboflavin",1.06e-05,6,"HL60","HG-U133A","DMSO","Prestwick Chemical","634","Riboflavine [83-88-5]","EXPT02760","83-88-5","DB00140",1
3594,-0.448077038616128,0,0,"pe_endo","cmap","doxorubicin",6.8e-06,6,"PC3","HT_HG-U133A","DMSO","Prestwick Chemical","438","Doxorubicin hydrochloride [25316-40-9]","C1445757","25316-40-9","DB00997",1
2242,-0.447670091248708,0,0,"pe_endo","cmap","tyloxapol",4e-06,6,"HL60","HT_HG-U133A","DMSO","Prestwick Chemical","954","Tyloxapol [25301-02-4]","C0077539","25301-02-4","DB06439",1
3963,-0.446970846316532,0,0,"pe_endo","cmap","thiocolchicoside",7e-06,6,"PC3","HT_HG-U133A","DMSO","Prestwick Chemical","539","Thiocolchicoside [602-41-5]","C0076456","602-41-5","DB11582",1
1585,-0.446416723613364,0,0,"pe_endo","cmap","tolbutamide",1.48e-05,6,"HL60","HT_HG-U133A","DMSO","Prestwick Chemical","190","Tolbutamide [64-77-7]","C0040374","64-77-7","DB01124",1
401,-0.445110083261042,0,0,"pe_endo","cmap","haloperidol",1e-05,6,"MCF7","HT_HG-U133A_EA","DMSO","Sigma-Aldrich","H1512","haloperidol","C0720809","NULL","DB00502",1
2651,-0.443014617687752,0,0,"pe_endo","cmap","etomidate",1.64e-05,6,"MCF7","HT_HG-U133A","DMSO","Prestwick Chemical","1041","Etomidate [33125-97-2]","C0015131","33125-97-2","DB00292",1
3351,-0.439959594859367,0,0,"pe_endo","cmap","oxaprozin",1.36e-05,6,"MCF7","HT_HG-U133A","DMSO","Prestwick Chemical","1060","Oxaprozin [21256-18-8]","C0069739","21256-18-8","DB00991",1
2169,-0.439214209054676,0,0,"pe_endo","cmap","beclometasone",7.6e-06,6,"HL60","HT_HG-U133A","DMSO","Prestwick Chemical","855","Beclomethasone dipropionate [5534-09-8]","NULL","5534-09-8","DB00394",1
4503,-0.43894935828528,0,0,"pe_endo","cmap","cefuroxime",9e-06,6,"PC3","HT_HG-U133A","DMSO","Prestwick Chemical","720","Cefuroxime sodium salt [56238-63-2]","C0007562","56238-63-2","DB01112",1
2862,-0.438671000234702,0,0,"pe_endo","cmap","indapamide",1.06e-05,6,"PC3","HT_HG-U133A","DMSO","Prestwick Chemical","220","Indapamide [26807-65-8]","C0021186","26807-65-8","DB00808",1
2084,-0.438524365190202,0,0,"pe_endo","cmap","fluvoxamine",9.2e-06,6,"HL60","HT_HG-U133A","DMSO","Prestwick Chemical","995","Fluvoxamine maleate [61718-82-9]","C0085228","61718-82-9","DB00176",1
2863,-0.438464608978257,0,0,"pe_endo","cmap","phentolamine",1.26e-05,6,"PC3","HT_HG-U133A","DMSO","Prestwick Chemical","230","Phentolamine hydrochloride [73-05-2]","C0733398","73-05-2","DB00692",1
2202,-0.438217803936519,0,0,"pe_endo","cmap","capsaicin",1.3e-05,6,"HL60","HT_HG-U133A","DMSO","Prestwick Chemical","879","Capsaicin [404-86-4]","C0006931","404-86-4","DB06774",1
1497,-0.437611597157117,0,0,"pe_endo","cmap","xylometazoline",1.42e-05,6,"MCF7","HT_HG-U133A","DMSO","Prestwick Chemical","223","Xylometazoline hydrochloride [1218-35-5]","C0078643","1218-35-5","DB06694",1
5128,-0.437204865906196,0,0,"pe_endo","cmap","aminocaproic acid",3.04e-05,6,"MCF7","HT_HG-U133A","DMSO","Prestwick Chemical","960","Aminocaproic acid [60-32-2]","APRD00791","60-32-2","DB00513",1
992,-0.437197626003483,0,0,"pe_endo","cmap","papaverine",1.06e-05,6,"HL60","HG-U133A","DMSO","Prestwick Chemical","583","Papaverine hydrochloride [61-25-6]","C0700461","61-25-6","DB01113",1
3142,-0.436127741275701,0,0,"pe_endo","cmap","niclosamide",1.22e-05,6,"MCF7","HT_HG-U133A","DMSO","Prestwick Chemical","40","Niclosamide [50-65-7]","C0028017","50-65-7","DB06803",1
4809,-0.434919217813878,0,0,"pe_endo","cmap","oxprenolol",1.32e-05,6,"HL60","HT_HG-U133A","DMSO","Prestwick Chemical","1057","Oxprenolol hydrochloride [6452-73-9]","C0030040","6452-73-9","DB01580",1
1731,-0.434125962204682,0,0,"pe_endo","cmap","cefalotin",9.6e-06,6,"HL60","HT_HG-U133A","DMSO","Prestwick Chemical","719","Cephalothin sodium salt [58-71-9]","NULL","58-71-9","DB00456",1
2192,-0.433644130470395,0,0,"pe_endo","cmap","doxazosin",7.4e-06,6,"HL60","HT_HG-U133A","DMSO","Prestwick Chemical","858","Doxazosin mesylate [77883-43-3]","C0077770","77883-43-3","DB00590",1
3882,-0.433614198335298,0,0,"pe_endo","cmap","methotrexate",8.8e-06,6,"MCF7","HT_HG-U133A","DMSO","Prestwick Chemical","373","Amethopterin (R,S) [59-05-2]","C0025677","59-05-2","DB00563",1
5951,-0.433307637081615,0,0,"pe_endo","cmap","trazodone",9.8e-06,6,"MCF7","HT_HG-U133A","DMSO","Prestwick Chemical","292","Trazodone hydrochloride [25332-39-2]","C0040805","25332-39-2","DB00656",1
558,-0.432649670400727,0,0,"pe_endo","cmap","dextromethorphan",1.08e-05,6,"HL60","HT_HG-U133A","DMSO","Prestwick Chemical","359","Dextromethorphan hydrobromide monohydrate [6700-34-1]","C0872890","6700-34-1","DB00514",1
1248,-0.432644483604754,0,0,"pe_endo","cmap","cyproheptadine",1.24e-05,6,"HL60","HG-U133A","DMSO","Prestwick Chemical","103","Cyproheptadine hydrochloride [969-33-5]","C0771807","969-33-5","DB00434",1
3842,-0.431446225676628,0,0,"pe_endo","cmap","miconazole",9.6e-06,6,"MCF7","HT_HG-U133A","DMSO","Prestwick Chemical","67","Miconazole [22916-47-8]","MMS_579","22916-47-8","DB01110",1
5947,-0.43060650502017,0,0,"pe_endo","cmap","difenidol",1.16e-05,6,"MCF7","HT_HG-U133A","DMSO","Prestwick Chemical","252","Diphenidol hydrochloride [3254-89-5]","NULL","3254-89-5","DB01231",1
3486,-0.430585433661528,0,0,"pe_endo","cmap","clomipramine",1.14e-05,6,"PC3","HT_HG-U133A","DMSO","Prestwick Chemical","269","Clomipramine hydrochloride [17321-77-6]","C0282107","17321-77-6","DB01242",1
2119,-0.42967709601667,0,0,"pe_endo","cmap","levocabastine",8.8e-06,6,"HL60","HT_HG-U133A","DMSO","Prestwick Chemical","1039","Levocabastine hydrochloride [79547-78-7]","C0064870","79547-78-7","DB01106",1
2238,-0.429637222522624,0,0,"pe_endo","cmap","metyrapone",1.76e-05,6,"HL60","HT_HG-U133A","DMSO","Prestwick Chemical","904","Metyrapone [54-36-4]","C0025876","54-36-4","DB01011",1
4117,-0.429330120977694,0,0,"pe_endo","cmap","rolitetracycline",7.6e-06,6,"MCF7","HT_HG-U133A","DMSO","Prestwick Chemical","849","Rolitetracycline [751-97-3]","C0035823","751-97-3","DB01301",1
392,-0.429108493508076,0,0,"pe_endo","cmap","genistein",1e-05,6,"MCF7","HT_HG-U133A_EA","DMSO","Calbiochem","345834","genistein","NULL","NULL","DB01645",1
1956,-0.427497236950562,0,0,"pe_endo","cmap","rescinnamine",6.4e-06,6,"MCF7","HT_HG-U133A","DMSO","Prestwick Chemical","568","Rescinnamin [24815-24-5]","C0035167","24815-24-5","DB01180",1
3723,-0.427047930749358,0,0,"pe_endo","cmap","bromopride",1.16e-05,6,"MCF7","HT_HG-U133A","DMSO","Prestwick Chemical","704","Bromopride [4093-35-0]","C0054129","4093-35-0","DB09018",1
3758,-0.426902376287352,0,0,"pe_endo","cmap","roxithromycin",4.8e-06,6,"MCF7","HT_HG-U133A","DMSO","Prestwick Chemical","854","Roxithromycin [80214-83-1]","C0035891","80214-83-1","DB00778",1
2127,-0.426788158717686,0,0,"pe_endo","cmap","torasemide",1.14e-05,6,"HL60","HT_HG-U133A","DMSO","Prestwick Chemical","1030","Torsemide [56211-40-6]","APRD00217","56211-40-6","DB00214",1
5990,-0.426123168250584,0,0,"pe_endo","cmap","risperidone",9.8e-06,6,"MCF7","HT_HG-U133A","DMSO","Prestwick Chemical","1029","Risperidone [106266-06-2]","C0073393","106266-06-2","DB00734",1
4112,-0.426021485437854,0,0,"pe_endo","cmap","ioversol",5e-06,6,"MCF7","HT_HG-U133A","DMSO","Prestwick Chemical","878","Ioversol [87771-40-2]","C0063828","87771-40-2","DB09134",1
5905,-0.425727891174105,0,0,"pe_endo","cmap","griseofulvin",1.12e-05,6,"PC3","HT_HG-U133A","DMSO","Prestwick Chemical","226","Griseofulvin [126-07-8]","C0720718","126-07-8","DB00400",1
1454,-0.425637770594065,0,0,"pe_endo","cmap","terfenadine",8.4e-06,6,"MCF7","HT_HG-U133A","DMSO","Prestwick Chemical","138","Terfenadine [50679-08-8]","C0085173","50679-08-8","DB00342",1
1683,-0.423486006672813,0,0,"pe_endo","cmap","cetirizine",8.6e-06,6,"HL60","HT_HG-U133A","DMSO","Prestwick Chemical","503","Cetirizine dihydrochloride [83881-52-1]","C0055147","83881-52-1","DB00341",1
1014,-0.422984508337126,0,0,"pe_endo","cmap","berberine",1.08e-05,6,"HL60","HG-U133A","DMSO","Prestwick Chemical","586","Berberine chloride [633-65-8]","EXPT00672","633-65-8","DB04115",1
5695,-0.42288790426212,0,0,"pe_endo","cmap","naproxen",1.58e-05,6,"PC3","HT_HG-U133A","DMSO","Prestwick Chemical","791","(R) -Naproxen sodium salt [26159-34-2]","C0546873","26159-34-2","DB00788",1
1688,-0.422728086111187,0,0,"pe_endo","cmap","pentamidine",6.8e-06,6,"HL60","HT_HG-U133A","DMSO","Prestwick Chemical","553","Pentamidine isethionate [140-64-7]","C0030863","140-64-7","DB00738",1
4103,-0.422559515242048,0,0,"pe_endo","cmap","promethazine",1.24e-05,6,"MCF7","HT_HG-U133A","DMSO","Prestwick Chemical","888","Promethazine hydrochloride [58-33-3]","C0772132","58-33-3","DB01069",1
2564,-0.422426387478729,0,0,"pe_endo","cmap","fluocinonide",8e-06,6,"MCF7","HT_HG-U133A","DMSO","Prestwick Chemical","774","Fluocinonide [356-12-7]","C0016299","356-12-7","DB01047",1
5286,-0.421577806045816,0,0,"pe_endo","cmap","chlorprothixene",1.14e-05,6,"PC3","HT_HG-U133A","DMSO","Prestwick Chemical","348","Chlorprothixene hydrochloride [6469-93-8]","C0304384","6469-93-8","DB01239",1
5842,-0.419248178245973,0,0,"pe_endo","cmap","nortriptyline",1.34e-05,6,"PC3","HT_HG-U133A","DMSO","Prestwick Chemical","254","Nortriptyline hydrochloride [894-71-3]","C0028420","894-71-3","DB00540",1
2078,-0.418996726699508,0,0,"pe_endo","cmap","etofenamate",1.08e-05,6,"HL60","HT_HG-U133A","DMSO","Prestwick Chemical","1014","Etofenamate [30544-47-9]","C0059868","30544-47-9","DB08984",1
2762,-0.418414724967982,0,0,"pe_endo","cmap","mebendazole",1.36e-05,6,"PC3","HT_HG-U133A","DMSO","Prestwick Chemical","217","Mebendazole [31431-39-7]","C0025023","31431-39-7","DB00643",1
4573,-0.417937431680172,0,0,"pe_endo","cmap","diclofenac",1.26e-05,6,"PC3","HT_HG-U133A","DMSO","Prestwick Chemical","594","Diclofenac sodium [15307-79-6]","C0700583","15307-79-6","DB00586",1
2768,-0.417533077710738,0,0,"pe_endo","cmap","salbutamol",1.68e-05,6,"PC3","HT_HG-U133A","DMSO","Prestwick Chemical","198","Salbutamol [18559-94-9]","NULL","18559-94-9","DB01001",1
1940,-0.417360940919368,0,0,"pe_endo","cmap","acepromazine",9e-06,6,"MCF7","HT_HG-U133A","DMSO","Prestwick Chemical","576","Acetopromazine maleate salt [3598-37-6]","C0000959","3598-37-6","DB01614",1
1682,-0.41713369442078,0,0,"pe_endo","cmap","omeprazole",1.16e-05,6,"HL60","HT_HG-U133A","DMSO","Prestwick Chemical","493","Omeprazole [73590-58-6]","C0771765","73590-58-6","DB00338",1
1693,-0.415358729615352,0,0,"pe_endo","cmap","pyrazinamide",3.24e-05,6,"HL60","HT_HG-U133A","DMSO","Prestwick Chemical","514","Pyrazinamide [ 98-96-4]","C0034239"," 98-96-4","DB00339",1
5997,-0.413869254704964,0,0,"pe_endo","cmap","chlorzoxazone",2.36e-05,6,"MCF7","HT_HG-U133A","DMSO","Prestwick Chemical","163","Chlorzoxazone [95-25-0]","C0008296","95-25-0","DB00356",1
1276,-0.413829705385666,0,0,"pe_endo","cmap","astemizole",8.8e-06,6,"PC3","HT_HG-U133A","DMSO","Prestwick Chemical","136","Astemizole [68844-77-9]","C0085170","68844-77-9","DB00637",1
3917,-0.411607487485774,0,0,"pe_endo","cmap","indometacin",1.12e-05,6,"PC3","HT_HG-U133A","DMSO","Prestwick Chemical","272","Indomethacin [53-86-1]","NULL","53-86-1","DB00328",1
2266,-0.411595925253083,0,0,"pe_endo","cmap","prazosin",9.6e-06,6,"HL60","HT_HG-U133A","DMSO","Prestwick Chemical","947","Prazosin hydrochloride [19237-84-4]","C0700578","19237-84-4","DB00457",1
2203,-0.411259431864303,0,0,"pe_endo","cmap","sulconazole",8.6e-06,6,"HL60","HT_HG-U133A","DMSO","Prestwick Chemical","810","Sulconazole nitrate [61318-91-0]","C0144004","61318-91-0","DB06820",1
2085,-0.410740968383453,0,0,"pe_endo","cmap","apramycin",7.4e-06,6,"HL60","HT_HG-U133A","DMSO","Prestwick Chemical","1005","Apramycin [37321-09-8]","NULL","37321-09-8","DB04626",1
954,-0.410428139751302,0,0,"pe_endo","cmap","triflusal",1.62e-05,6,"HL60","HG-U133A","DMSO","Prestwick Chemical","528","Triflusal [322-79-2]","C0077126","322-79-2","DB08814",1
4414,-0.408592446209684,0,0,"pe_endo","cmap","ritodrine",1.24e-05,6,"MCF7","HT_HG-U133A","DMSO","Prestwick Chemical","349","Ritodrine hydrochloride [23239-51-2]","C0035661","23239-51-2","DB00867",1
4525,-0.408066094476624,0,0,"pe_endo","cmap","natamycin",6e-06,6,"PC3","HT_HG-U133A","DMSO","Prestwick Chemical","1104","Natamycin [7681-93-8]","C0027444","7681-93-8","DB00826",1
3286,-0.407784494678563,0,0,"pe_endo","cmap","lomefloxacin",1.04e-05,6,"PC3","HT_HG-U133A","DMSO","Prestwick Chemical","238","Lomefloxacin hydrochloride [98079-52-8]","C0770927","98079-52-8","DB00978",1
4075,-0.407323842361168,0,0,"pe_endo","cmap","flucytosine",3.1e-05,6,"MCF7","HT_HG-U133A","DMSO","Prestwick Chemical","934","Flucytosine [2022-85-7]","C0016278","2022-85-7","DB01099",1
920,-0.407152461977544,0,0,"pe_endo","cmap","carbamazepine",1.7e-05,6,"MCF7","HT_HG-U133A","DMSO","Prestwick Chemical","52","Carbamazepine [298-46-4]","C0006949","298-46-4","DB00564",1
2244,-0.406749296648854,0,0,"pe_endo","cmap","aminohippuric acid",2.06e-05,6,"HL60","HT_HG-U133A","DMSO","Prestwick Chemical","895","Aminohippuric acid [61-78-9]","MMS_753","61-78-9","DB00345",1
5760,-0.406537934712935,0,0,"pe_endo","cmap","nomifensine",1.12e-05,6,"MCF7","HT_HG-U133A","DMSO","Prestwick Chemical","108","Nomifensine maleate [32795-47-4]","C0028277","32795-47-4","DB04821",1
1087,-0.406407184231103,0,0,"pe_endo","cmap","hydroflumethiazide",1.2e-05,6,"HL60","HT_HG-U133A","DMSO","Prestwick Chemical","13","Hydroflumethiazide [135-09-1]","C0020273","135-09-1","DB00774",1
2359,-0.405229133195624,0,0,"pe_endo","cmap","betaxolol",1.16e-05,6,"MCF7","HT_HG-U133A","DMSO","Prestwick Chemical","382","Betaxolol hydrochloride [63659-19-8]","C0543470","63659-19-8","DB00195",1
4128,-0.404866597768727,0,0,"pe_endo","cmap","carbachol",2.18e-05,6,"MCF7","HT_HG-U133A","DMSO","Prestwick Chemical","880","Carbachol [51-83-2]","C0006945","51-83-2","DB00411",1
4904,-0.404826400099932,0,0,"pe_endo","cmap","terbutaline",7.2e-06,6,"MCF7","HT_HG-U133A","DMSO","Prestwick Chemical","391","Terbutaline hemisulfate [23031-32-5]","C0039542","23031-32-5","DB00871",1
4734,-0.403560281591153,0,0,"pe_endo","cmap","pramocaine",1.22e-05,6,"MCF7","HT_HG-U133A","DMSO","Prestwick Chemical","716","Pramoxine hydrochloride [637-58-1]","NULL","637-58-1","DB09345",1
5996,-0.402321393761235,0,0,"pe_endo","cmap","dexpanthenol",1.94e-05,6,"MCF7","HT_HG-U133A","DMSO","Prestwick Chemical","22","Panthenol (D) [81-13-0]","C0057610","81-13-0","DB09357",1
2171,-0.39989429742039,0,0,"pe_endo","cmap","reserpine",6.6e-06,6,"HL60","HT_HG-U133A","DMSO","Prestwick Chemical","875","Reserpine [50-55-5]","C0035179","50-55-5","DB00206",1
1773,-0.399667699271299,0,0,"pe_endo","cmap","sulfadimidine",1.34e-05,6,"HL60","HT_HG-U133A","DMSO","Prestwick Chemical","775","Sulfamethazine sodium salt [1981-58-4]","NULL","1981-58-4","DB01582",1
4995,-0.399316834135342,0,0,"pe_endo","cmap","benzonatate",6.6e-06,6,"PC3","HT_HG-U133A","DMSO","Prestwick Chemical","12","Benzonatate [104-31-4]","C0053229","104-31-4","DB00868",1
4104,-0.398947166863981,0,0,"pe_endo","cmap","estradiol",1.46e-05,6,"MCF7","HT_HG-U133A","DMSO","Prestwick Chemical","441","Estradiol-17 beta [50-28-2]","C1330622","50-28-2","DB00783",1
1116,-0.398738830559046,0,0,"pe_endo","cmap","cinchocaine",1.16e-05,6,"PC3","HG-U133A","DMSO","Prestwick Chemical","76","Dibucaine [85-79-0]","NULL","85-79-0","DB00527",1
961,-0.39866556706592,0,0,"pe_endo","cmap","imipenem",1.34e-05,6,"HL60","HG-U133A","DMSO","Prestwick Chemical","519","Imipenem [74431-23-5]","MMS_109","74431-23-5","DB01598",1
3169,-0.398628935319358,0,0,"pe_endo","cmap","trimipramine",9.8e-06,6,"MCF7","HT_HG-U133A","DMSO","Prestwick Chemical","806","Trimipramine maleate salt [521-78-8]","C0041056","521-78-8","DB00726",1
4492,-0.396647795373983,0,0,"pe_endo","cmap","hexestrol",1.48e-05,6,"PC3","HT_HG-U133A","DMSO","Prestwick Chemical","699","Hexestrol [84-16-2]","NULL","84-16-2","DB07931",1
2087,-0.395348394924374,0,0,"pe_endo","cmap","letrozole",1.4e-05,6,"HL60","HT_HG-U133A","DMSO","Prestwick Chemical","1025","Letrozole [112809-51-5]","C0246421","112809-51-5","DB01006",1
1321,-0.393552358760304,0,0,"pe_endo","cmap","levamisole",1.66e-05,6,"PC3","HT_HG-U133A","DMSO","Prestwick Chemical","182","Levamisole hydrochloride [16595-80-5]","C0733383","16595-80-5","DB00848",1
4749,-0.392790223926949,0,0,"pe_endo","cmap","tetryzoline",1.68e-05,6,"MCF7","HT_HG-U133A","DMSO","Prestwick Chemical","698","Tetrahydrozoline hydrochloride [522-48-5]","NULL","522-48-5","DB06764",1
1893,-0.392589019466478,0,0,"pe_endo","cmap","cinoxacin",1.52e-05,6,"HL60","HT_HG-U133A","DMSO","Prestwick Chemical","780","Cinoxacin [28657-80-9]","C0008806","28657-80-9","DB00827",1
4574,-0.391961957444932,0,0,"pe_endo","cmap","repaglinide",8.8e-06,6,"PC3","HT_HG-U133A","DMSO","Prestwick Chemical","1046","Repaglinide [135062-02-1]","C0246689","135062-02-1","DB00912",1
3641,-0.391089927371889,0,0,"pe_endo","cmap","amiodarone",5.8e-06,6,"PC3","HT_HG-U133A","DMSO","Prestwick Chemical","409","Amiodarone hydrochloride [19774-82-4]","C0700442","19774-82-4","DB01118",1
5835,-0.390851875048356,0,0,"pe_endo","cmap","tranylcypromine",2.36e-05,6,"PC3","HT_HG-U133A","DMSO","Prestwick Chemical","173","Tranylcypromine hydrochloride [1986-47-6]","C0040778","1986-47-6","DB00752",1
5927,-0.390846688252383,0,0,"pe_endo","cmap","cefazolin",8.4e-06,6,"PC3","HT_HG-U133A","DMSO","Prestwick Chemical","736","Cefazolin sodium salt [27164-46-1]","C0007546","27164-46-1","DB01327",1
1774,-0.390803464952604,0,0,"pe_endo","cmap","dicoumarol",1.18e-05,6,"HL60","HT_HG-U133A","DMSO","Prestwick Chemical","785","Dicumarol [66-76-2]","NULL","66-76-2","DB00266",1
2004,-0.39029353807346,0,0,"pe_endo","cmap","betahistine",1.72e-05,6,"MCF7","HT_HG-U133A","DMSO","Prestwick Chemical","543","Betahistine mesylate [54856-23-4]","C0005301","54856-23-4","DB06698",1
5745,-0.389967850509624,0,0,"pe_endo","cmap","glibenclamide",8e-06,6,"MCF7","HT_HG-U133A","DMSO","Prestwick Chemical","316","Glibenclamide [10238-21-8]","NULL","10238-21-8","DB01016",1
3094,-0.389554635763736,0,0,"pe_endo","cmap","tolmetin",1.26e-05,6,"PC3","HT_HG-U133A","DMSO","Prestwick Chemical","856","Tolmetin sodium salt dihydrate [64490-92-2]","C0040377","64490-92-2","DB00500",1
525,-0.38937201732217,0,0,"pe_endo","cmap","thioridazine",1e-05,6,"PC3","HT_HG-U133A","DMSO","Sigma-Aldrich","T9025","thioridazine hydrochloride","C0039943","NULL","DB00679",1
5909,-0.386518739245503,0,0,"pe_endo","cmap","nalidixic acid",1.46e-05,6,"PC3","HT_HG-U133A","DMSO","Prestwick Chemical","187","Nalidixic acid sodium salt hydrate","C0027353","NULL","DB00779",1
1730,-0.384952759094506,0,0,"pe_endo","cmap","trioxysalen",1.76e-05,6,"HL60","HT_HG-U133A","DMSO","Prestwick Chemical","709","Trioxsalen [3902-71-4]","NULL","3902-71-4","DB04571",1
767,-0.38472702541141,0,0,"pe_endo","cmap","azathioprine",1.44e-05,6,"MCF7","HT_HG-U133A","DMSO","Prestwick Chemical","94","Azathioprine [446-86-6]","C0887732","446-86-6","DB00993",1
4956,-0.384186734164172,0,0,"pe_endo","cmap","aminophylline",9.6e-06,6,"PC3","HT_HG-U133A","DMSO","Prestwick Chemical","820","Aminophylline [317-34-0]","C1271551","317-34-0","DB01223",1
3366,-0.383874445823268,0,0,"pe_endo","cmap","chlorcyclizine",1.18e-05,6,"MCF7","HT_HG-U133A","DMSO","Prestwick Chemical","706","(1-[(4-Chlorophenyl)phenyl-methyl]-4-methylpiperazine) [1620-21-9]","C0770863","(4-Chlorophenyl)phenyl-me","DB08936",1
4686,-0.382941362839287,0,0,"pe_endo","cmap","nifedipine",1.16e-05,6,"MCF7","HT_HG-U133A","DMSO","Prestwick Chemical","63","Nifedipine [21829-25-4]","C0028066","21829-25-4","DB01115",1
2329,-0.3826159994502,0,0,"pe_endo","cmap","pimozide",8.6e-06,6,"MCF7","HT_HG-U133A","DMSO","Prestwick Chemical","308","Pimozide [2062-78-4]","C0031935","2062-78-4","DB01100",1
132,-0.381685942097203,0,0,"pe_endo","cmap","chlorpromazine",1e-05,6,"MCF7","HG-U133A","DMSO","Sigma-Aldrich","C0982","chlorpromazine hydrochloride","C0008286","NULL","DB00477",1
5544,-0.381354851620895,0,0,"pe_endo","cmap","prochlorperazine",1e-05,6,"MCF7","HT_HG-U133A","DMSO","Sigma-Aldrich","P9178","prochlorperazine dimaleate salt","C0770888","NULL","DB00433",1
4856,-0.381161859587382,0,0,"pe_endo","cmap","rosiglitazone",1e-05,6,"HL60","HT_HG-U133A","DMSO","LKT Laboratories","R5772","rosiglitazone","C0289313","NULL","DB00412",1
4993,-0.378301557724501,0,0,"pe_endo","cmap","proxymetacaine",1.2e-05,6,"PC3","HT_HG-U133A","DMSO","Prestwick Chemical","959","Proparacaine hydrochloride [5875-06-9]","NULL","5875-06-9","DB00807",1
3644,-0.37798278588863,0,0,"pe_endo","cmap","guanfacine",1.42e-05,6,"PC3","HT_HG-U133A","DMSO","Prestwick Chemical","339","Guanfacine hydrochloride [29110-48-3]","C0700472","29110-48-3","DB01018",1
5525,-0.377882832007891,0,0,"pe_endo","cmap","fluphenazine",1e-05,6,"MCF7","HT_HG-U133A","DMSO","Sigma-Aldrich","F8548","fluphenazine dihydrochloride","C0700567","NULL","DB00623",1
6002,-0.376782474853765,0,0,"pe_endo","cmap","acetazolamide",1.8e-05,6,"MCF7","HT_HG-U133A","DMSO","Prestwick Chemical","3","Acetazolamide [59-66-5]","C0000981","59-66-5","DB00819",1
2364,-0.376606772140163,0,0,"pe_endo","cmap","colchicine",1e-05,6,"MCF7","HT_HG-U133A","DMSO","Prestwick Chemical","363","Colchicine [64-86-8]","C0009262","64-86-8","DB01394",1
918,-0.376076638368372,0,0,"pe_endo","cmap","epirizole",1.7e-05,6,"MCF7","HT_HG-U133A","DMSO","Prestwick Chemical","32","Epirizole [18694-40-1]","NULL","18694-40-1","DB08991",1
4373,-0.376041627495551,0,0,"pe_endo","cmap","sulfafurazole",1.5e-05,6,"MCF7","HT_HG-U133A","DMSO","Prestwick Chemical","334","Sulfisoxazole [127-69-5]","NULL","127-69-5","DB00263",1
1073,-0.375649808283054,0,0,"pe_endo","cmap","chloramphenicol",1.24e-05,6,"HL60","HT_HG-U133A","DMSO","Prestwick Chemical","31","Chloramphenicol [56-75-7]","C0055337","56-75-7","DB00446",1
1967,-0.374811708500337,0,0,"pe_endo","cmap","bicuculline",1.08e-05,6,"MCF7","HT_HG-U133A","DMSO","Prestwick Chemical","589","Bicuculline (+) [485-49-4]","NULL","485-49-4","DB11562",1
2255,-0.373192671748862,0,0,"pe_endo","cmap","nitrendipine",1.1e-05,6,"HL60","HT_HG-U133A","DMSO","Prestwick Chemical","916","Nitrendipine [39562-70-4]","C0028127","39562-70-4","DB01054",1
2521,-0.373126972333198,0,0,"pe_endo","cmap","fluvastatin",9.2e-06,6,"MCF7","HT_HG-U133A","DMSO","Prestwick Chemical","859","Fluvastatin sodium salt [93957-55-2]","C0082608","93957-55-2","DB01095",1
2287,-0.3729602384543,0,0,"pe_endo","cmap","protriptyline",1.34e-05,6,"HL60","HT_HG-U133A","DMSO","Prestwick Chemical","930","Protriptyline hydrochloride [1225-55-4]","C0700557","1225-55-4","DB00344",1
2448,-0.372168603718846,0,0,"pe_endo","cmap","bisacodyl",1.1e-05,6,"MCF7","HT_HG-U133A","DMSO","Prestwick Chemical","419","Bisacodyl [603-50-9]","C0005632","603-50-9","DB09020",1
4566,-0.371853505863457,0,0,"pe_endo","cmap","corbadrine",2.18e-05,6,"PC3","HT_HG-U133A","DMSO","Prestwick Chemical","739","Levonordefrin [829-74-3]","NULL","829-74-3","DB06707",1
2273,-0.368859535946009,0,0,"pe_endo","cmap","ursodeoxycholic acid",1.02e-05,6,"HL60","HT_HG-U133A","DMSO","Prestwick Chemical","958","Urosiol [128-13-2]","NULL","128-13-2","DB01586",1
1072,-0.368657358961292,0,0,"pe_endo","cmap","sulfaphenazole",1.28e-05,6,"HL60","HT_HG-U133A","DMSO","Prestwick Chemical","21","Sulfaphenazole [526-08-9]","NULL","526-08-9","DB06729",1
5675,-0.367783383839759,0,0,"pe_endo","cmap","oxybutynin",1.02e-05,6,"PC3","HT_HG-U133A","DMSO","Prestwick Chemical","287","Oxybutynin chloride [1508-65-2]","C0069805","1508-65-2","DB01062",1
3389,-0.367138816381804,0,0,"pe_endo","cmap","cefixime",8.8e-06,6,"MCF7","HT_HG-U133A","DMSO","Prestwick Chemical","462","Cefixime [79350-37-1]","C0060400","79350-37-1","DB00671",1
2254,-0.36644886445908,0,0,"pe_endo","cmap","fluspirilene",8.4e-06,6,"HL60","HT_HG-U133A","DMSO","Prestwick Chemical","906","Fluspirilen [1841-19-6]","C0016383","1841-19-6","DB04842",1
3480,-0.366124365535988,0,0,"pe_endo","cmap","aminophenazone",1.72e-05,6,"PC3","HT_HG-U133A","DMSO","Prestwick Chemical","88","Amidopyrine [58-15-1]","NULL","58-15-1","DB01424",1
2198,-0.366023439131004,0,0,"pe_endo","cmap","ganciclovir",1.56e-05,6,"HL60","HT_HG-U133A","DMSO","Prestwick Chemical","839","Ganciclovir [82410-32-0]","C0017066","82410-32-0","DB01004",1
4578,-0.365223483910343,0,0,"pe_endo","cmap","estriol",1.38e-05,6,"PC3","HT_HG-U133A","DMSO","Prestwick Chemical","1096","Estriol [50-27-1]","C0059648","50-27-1","DB04573",1
3548,-0.365206950998177,0,0,"pe_endo","cmap","etidronic acid",1.6e-05,6,"PC3","HT_HG-U133A","DMSO","Prestwick Chemical","863","Etidronic acid, disodium salt [7414-83-7]","NULL","7414-83-7","DB01077",1
6069,-0.365191066435508,0,0,"pe_endo","cmap","pioglitazone",1e-05,6,"PC3","HT_HG-U133A","DMSO","LKT Laboratories","P6594","pioglitazone HCl","C0872972","NULL","DB01132",1
2047,-0.363742545601662,0,0,"pe_endo","cmap","trimetazidine",1.18e-05,6,"MCF7","HT_HG-U133A","DMSO","Prestwick Chemical","549","Trimetazidine dihydrochloride [13171-25-0]","C0041037","13171-25-0","DB09069",1
772,-0.363482233278742,0,0,"pe_endo","cmap","loperamide",7.8e-06,6,"MCF7","HT_HG-U133A","DMSO","Prestwick Chemical","144","Loperamide hydrochloride [34552-83-5]","C0023992","34552-83-5","DB00836",1
3039,-0.363205063868909,0,0,"pe_endo","cmap","oxybuprocaine",1.16e-05,6,"PC3","HT_HG-U133A","DMSO","Prestwick Chemical","57","Benoxinate hydrochloride [5987-82-6]","APRD00817","5987-82-6","DB00892",1
5764,-0.361032228589014,0,0,"pe_endo","cmap","neomycin",4.2e-06,6,"MCF7","HT_HG-U133A","DMSO","Prestwick Chemical","158","Neomycin sulfate [1405-10-3]","C0770899","1405-10-3","DB00994",1
4991,-0.358621449043836,0,0,"pe_endo","cmap","budesonide",9.2e-06,6,"PC3","HT_HG-U133A","DMSO","Prestwick Chemical","518","Budesonide [51333-22-3]","C0054201","51333-22-3","DB01222",1
2,-0.358404576137194,0,0,"pe_endo","cmap","metformin",1e-05,6,"MCF7","HG-U133A","medium","Sigma-Aldrich","D5035","1,1-dimethylbiguanide hydrochloride","C0025598","NULL","DB00331",1
1335,-0.357957214984481,0,0,"pe_endo","cmap","hyoscyamine",1.38e-05,6,"PC3","HT_HG-U133A","DMSO","Prestwick Chemical","233","Hyoscyamine (L) [101-31-5]","C0004261","101-31-5","DB00424",1
3873,-0.357658650041257,0,0,"pe_endo","cmap","glipizide",9e-06,6,"MCF7","HT_HG-U133A","DMSO","Prestwick Chemical","131","Glipizide [29094-61-9]","C0017642","29094-61-9","DB01067",1
3647,-0.355375055055678,0,0,"pe_endo","cmap","clioquinol",1.3e-05,6,"PC3","HT_HG-U133A","DMSO","Prestwick Chemical","886","Clioquinol [130-26-7]","C0021978","130-26-7","DB04815",1
4945,-0.353218320454951,0,0,"pe_endo","cmap","paracetamol",2.64e-05,6,"PC3","HT_HG-U133A","DMSO","Prestwick Chemical","868","Acetaminophen [103-90-2]","NULL","103-90-2","DB00316",1
5753,-0.35256121824006,0,0,"pe_endo","cmap","milrinone",1.9e-05,6,"MCF7","HT_HG-U133A","DMSO","Prestwick Chemical","1065","Milrinone [78415-72-2]","C0600487","78415-72-2","DB00235",1
1315,-0.3514577273967,0,0,"pe_endo","cmap","ranitidine",1.14e-05,6,"PC3","HT_HG-U133A","DMSO","Prestwick Chemical","201","Ranitidine hydrochloride [66357-59-3]","C0139919","66357-59-3","DB00863",1
1805,-0.351222268471153,0,0,"pe_endo","cmap","bezafibrate",1.1e-05,6,"MCF7","HT_HG-U133A","DMSO","Prestwick Chemical","378","Bezafibrate [41859-67-0]","C0005330","41859-67-0","DB01393",1
2875,-0.350255363255095,0,0,"pe_endo","cmap","quinethazone",1.38e-05,6,"PC3","HT_HG-U133A","DMSO","Prestwick Chemical","1050","Quinethazone [73-49-4]","C0164608","73-49-4","DB01325",1
1793,-0.349892719769948,0,0,"pe_endo","cmap","procainamide",1.48e-05,6,"MCF7","HT_HG-U133A","DMSO","Prestwick Chemical","337","Procainamide hydrochloride [614-39-1]","C0033216","614-39-1","DB01035",1
3406,-0.349699511619936,0,0,"pe_endo","cmap","terconazole",7.6e-06,6,"MCF7","HT_HG-U133A","DMSO","Prestwick Chemical","495","Terconazole [67915-31-5]","C0076115","67915-31-5","DB00251",1
3876,-0.349293212602013,0,0,"pe_endo","cmap","clomifene",6.6e-06,6,"MCF7","HT_HG-U133A","DMSO","Prestwick Chemical","397","Clomiphene citrate (Z,E) [50-41-9]","APRD00880","50-41-9","DB00882",1
3452,-0.348762322422476,0,0,"pe_endo","cmap","clozapine",1e-05,6,"PC3","HT_HG-U133A","DMSO","Sigma-Aldrich","C-6305","clozapine","C0009079","NULL","DB00363",1
4110,-0.34805518923809,0,0,"pe_endo","cmap","digoxin",5.2e-06,6,"MCF7","HT_HG-U133A","DMSO","Prestwick Chemical","437","Digoxin [20830-75-5]","BIOD00046","20830-75-5","DB00390",1
1117,-0.347860252156086,0,0,"pe_endo","cmap","amiloride",1.32e-05,6,"PC3","HG-U133A","DMSO","Prestwick Chemical","7","Amiloride hydrochloride dihydrate [17440-83-4]","C0002502","17440-83-4","DB00594",1
1278,-0.345954536868826,0,0,"pe_endo","cmap","ivermectin",4.6e-06,6,"PC3","HT_HG-U133A","DMSO","Prestwick Chemical","156","Ivermectin [70288-86-7]","C0022322","70288-86-7","DB00602",1
2335,-0.345323368633802,0,0,"pe_endo","cmap","mepyramine",1e-05,6,"MCF7","HT_HG-U133A","DMSO","Prestwick Chemical","289","Pyrilamine maleate [59-33-6]","NULL","59-33-6","DB06691",1
4036,-0.343260536651845,0,0,"pe_endo","cmap","phenoxybenzamine",1.18e-05,6,"MCF7","HT_HG-U133A","DMSO","Prestwick Chemical","944","Phenoxybenzamine hydrochloride [63-92-3]","C0242430","63-92-3","DB00925",1
1085,-0.34255329540921,0,0,"pe_endo","cmap","imipramine",1.26e-05,6,"HL60","HT_HG-U133A","DMSO","Prestwick Chemical","72","Imipramine hydrochloride [113-52-0]","C0020934","113-52-0","DB00458",1
4869,-0.341061767392083,0,0,"pe_endo","cmap","mefloquine",9.6e-06,6,"MCF7","HT_HG-U133A","DMSO","Prestwick Chemical","126","Mefloquine hydrochloride [51773-92-3]","C0282398","51773-92-3","DB00358",1
2567,-0.336962685757534,0,0,"pe_endo","cmap","deferoxamine",6e-06,6,"MCF7","HT_HG-U133A","DMSO","Prestwick Chemical","725","Deferoxamine mesylate [138-14-7]","C0011145","138-14-7","DB00746",1
3347,-0.335735684335055,0,0,"pe_endo","cmap","nialamide",1.34e-05,6,"MCF7","HT_HG-U133A","DMSO","Prestwick Chemical","1099","Nialamide [51-12-7]","C0027999","51-12-7","DB04820",1
5201,-0.331096527569766,0,0,"pe_endo","cmap","benzthiazide",9.2e-06,6,"PC3","HT_HG-U133A","DMSO","Prestwick Chemical","824","Benzthiazide [91-33-8]","C0053245","91-33-8","DB00562",1
4797,-0.327542707861929,0,0,"pe_endo","cmap","verteporfin",2.8e-06,6,"HL60","HT_HG-U133A","DMSO","Prestwick Chemical","1105","Verteporfin [129497-78-5]","C0387288","129497-78-5","DB00460",1
2152,-0.327051258943441,0,0,"pe_endo","cmap","liothyronine",6.2e-06,6,"HL60","HT_HG-U133A","DMSO","Prestwick Chemical","853","Liothyronine [6893-02-3]","C0041014","6893-02-3","DB00279",1
3927,-0.324841143567487,0,0,"pe_endo","cmap","flufenamic acid",1.42e-05,6,"PC3","HT_HG-U133A","DMSO","Prestwick Chemical","203","Flufenamic acid [530-78-9]","C0016282","530-78-9","DB02266",1
4423,-0.32280964847787,0,0,"pe_endo","cmap","crotamiton",1.96e-05,6,"MCF7","HT_HG-U133A","DMSO","Prestwick Chemical","951","Crotamiton [483-63-6]","C0056519","483-63-6","DB00265",1
919,-0.320366019224859,0,0,"pe_endo","cmap","moxisylyte",1.26e-05,6,"MCF7","HT_HG-U133A","DMSO","Prestwick Chemical","42","Moxisylyte hydrochoride [964-52-3]","C0040108","964-52-3","DB09205",1
515,-0.319670988564412,0,0,"pe_endo","cmap","vorinostat",1e-05,6,"PC3","HT_HG-U133A","DMSO","BioVision","1604-1","SAHA","MMS_422","NULL","DB02546",1
2532,-0.319638679147827,0,0,"pe_endo","cmap","nicotinic acid",3.24e-05,6,"MCF7","HT_HG-U133A","DMSO","Prestwick Chemical","881","Niacin [59-67-6]","C0772043","59-67-6","DB00627",1
4871,-0.319464813424465,0,0,"pe_endo","cmap","clotrimazole",1.16e-05,6,"MCF7","HT_HG-U133A","DMSO","Prestwick Chemical","267","Clotrimazole [23593-75-1]","C0009074","23593-75-1","DB00257",1
1876,-0.319350271680051,0,0,"pe_endo","cmap","ribostamycin",7.2e-06,6,"HL60","HT_HG-U133A","DMSO","Prestwick Chemical","758","Ribostamycin sulfate salt [53797-35-6]","NULL","53797-35-6","DB03615",1
4387,-0.316301516230133,0,0,"pe_endo","cmap","testosterone",1.16e-05,6,"MCF7","HT_HG-U133A","DMSO","Prestwick Chemical","401","Testosterone propionate [57-85-2]","C0076195","57-85-2","DB00624",1
1539,-0.310041701839627,0,0,"pe_endo","cmap","phenformin",1.66e-05,6,"MCF7","HT_HG-U133A","DMSO","Prestwick Chemical","179","Phenformin hydrochloride [834-28-6]","C0770237","834-28-6","DB00914",1
3938,-0.309696239616143,0,0,"pe_endo","cmap","prenylamine",9.6e-06,6,"PC3","HT_HG-U133A","DMSO","Prestwick Chemical","560","Prenylamine lactate [69-43-2]","C0033059","69-43-2","DB04825",1
2315,-0.308226323248905,0,0,"pe_endo","cmap","albendazole",1.5e-05,6,"MCF7","HT_HG-U133A","DMSO","Prestwick Chemical","247","Albendazole [54965-21-8]","C0001911","54965-21-8","DB00518",1
4272,-0.303853205893756,0,0,"pe_endo","cmap","lisinopril",9e-06,6,"MCF7","HT_HG-U133A","DMSO","Prestwick Chemical","301","Lisinopril [83915-83-7]","C0065374","83915-83-7","DB00722",1
2568,-0.302940870093669,0,0,"pe_endo","cmap","flecainide",8.4e-06,6,"MCF7","HT_HG-U133A","DMSO","Prestwick Chemical","735","Flecainide acetate [54143-56-5]","C0086303","54143-56-5","DB01195",1
2594,-0.294655611875515,0,0,"pe_endo","cmap","vidarabine",1.5e-05,6,"MCF7","HT_HG-U133A","DMSO","Prestwick Chemical","768","Vidarabine [5536-17-4]","C0042646","5536-17-4","DB00194",1
5271,-0.291986140881159,0,0,"pe_endo","cmap","ciclopirox",1.5e-05,6,"PC3","HT_HG-U133A","DMSO","Prestwick Chemical","541","Ciclopirox ethanolamine [41621-49-2]","C0126169","41621-49-2","DB01188",1
4269,-0.289559368715062,0,0,"pe_endo","cmap","perhexiline",1.02e-05,6,"MCF7","HT_HG-U133A","DMSO","Prestwick Chemical","286","Perhexiline maleate [6724-53-4]","C0070413","6724-53-4","DB01074",1
60,-0.287381562755693,0,0,"pe_endo","cmap","staurosporine",1e-06,6,"MCF7","HG-U133A","DMSO","Calbiochem","569397","staurosporine","EXPT02970","NULL","DB02010",1
3638,-0.286091671432035,0,0,"pe_endo","cmap","cefalexin",1.1e-05,6,"PC3","HT_HG-U133A","DMSO","Prestwick Chemical","358","Cephalexin monohydrate [23325-78-2]","NULL","23325-78-2","DB00567",1
639,-0.281231967779623,0,0,"pe_endo","cmap","nalbuphine",1.02e-05,6,"HL60","HG-U133A","DMSO","Prestwick Chemical","118","Nalbuphine hydrochloride [23277-43-2]","C0600099","23277-43-2","DB00844",1
5940,-0.280116050237577,0,0,"pe_endo","cmap","levomepromazine",9e-06,6,"PC3","HT_HG-U133A","DMSO","Prestwick Chemical","797","Methotrimeprazine maleat salt [7104-38-3]","C0607673","7104-38-3","DB01403",1
4800,-0.272227581911395,0,0,"pe_endo","cmap","trifluridine",1.36e-05,6,"HL60","HT_HG-U133A","DMSO","Prestwick Chemical","1056","Trifluridine [70-00-8]","C0040987","70-00-8","DB00432",1
2982,-0.271680050761443,0,0,"pe_endo","cmap","paroxetine",1e-06,6,"MCF7","HT_HG-U133A","DMSO","Sigma-Aldrich","P1372","Paroxetine maleate [64006-44-6]","C0771019","64006-44-6","DB00715",1
3909,-0.271370355818526,0,0,"pe_endo","cmap","etoposide",6.8e-06,6,"MCF7","HT_HG-U133A","DMSO","Prestwick Chemical","396","Etoposide [33419-42-0]","C0015133","33419-42-0","DB00773",1
4356,-0.268557275410654,0,0,"pe_endo","cmap","alfuzosin",9.4e-06,6,"MCF7","HT_HG-U133A","DMSO","Prestwick Chemical","322","Alfuzosin hydrochloride [81403-68-1]","C0051150","81403-68-1","DB00346",1
1969,-0.265023014245967,0,0,"pe_endo","cmap","diflorasone",8e-06,6,"MCF7","HT_HG-U133A","DMSO","Prestwick Chemical","619","Diflorasone Diacetate [33564-31-7]","C0304612","33564-31-7","DB00223",1
2028,-0.263773428649354,0,0,"pe_endo","cmap","mycophenolic acid",1.24e-05,6,"MCF7","HT_HG-U133A","DMSO","Prestwick Chemical","556","Mycophenolic acid [24280-93-1]","C0026933","24280-93-1","DB01024",1
4874,-0.254844791613988,0,0,"pe_endo","cmap","disulfiram",1.34e-05,6,"MCF7","HT_HG-U133A","DMSO","Prestwick Chemical","97","Disulfiram [97-77-8]","C0012772","97-77-8","DB00822",1
4096,-0.253193013212931,0,0,"pe_endo","cmap","puromycin",7.4e-06,6,"MCF7","HT_HG-U133A","DMSO","Prestwick Chemical","480","Puromycin dihydrochloride [58-58-2]","NULL","58-58-2","DB08437",1
155,-0.223733416840749,0,0,"pe_endo","cmap","arachidonic acid",1e-05,6,"MCF7","HG-U133A","ethanol","Sigma-Aldrich","A8798","arachidonic acid sodium salt","EXPT00409","NULL","DB04557",1
5266,-0.221855904756595,0,0,"pe_endo","cmap","metixene",1.16e-05,6,"PC3","HT_HG-U133A","DMSO","Prestwick Chemical","491","Metixene hydrochloride [1553-34-0]","APRD01101","1553-34-0","DB00340",1
5244,-0.199480931392953,0,0,"pe_endo","cmap","amoxapine",1.28e-05,6,"PC3","HT_HG-U133A","DMSO","Prestwick Chemical","102","Amoxapine [14028-44-5]","C0002644","14028-44-5","DB00543",1
527,-0.199164752955069,0,0,"pe_endo","cmap","troglitazone",1e-05,6,"PC3","HT_HG-U133A","DMSO","Sigma-Aldrich","T2573","troglitazone","C0245514","NULL","DB00197",1
43,-0.191192323369066,0,0,"pe_endo","cmap","ciclosporin",1e-06,6,"MCF7","HG-U133A","ethanol","Calbiochem","239835","cyclosporine A","NULL","NULL","DB00091",1
3512,-0.183045703884953,0,0,"pe_endo","cmap","rifabutin",4.8e-06,6,"PC3","HT_HG-U133A","DMSO","Prestwick Chemical","1109","Rifabutin [72559-06-9]","C0140575","72559-06-9","DB00615",1
